product_category,nb_skus,total_revenue,quantity_sold,avg_return_rate
Other,1411,2599694.535,1129965.0,0.06798489034903576
Home Decor,850,1658361.895,910923.0,0.029821319221110355
Kitchen & Tableware,321,827325.84,387873.5,0.045930635216540706
Bags & Packaging,266,812701.87,444044.0,0.028292629053211546
Stationery,426,629682.35,442418.0,6.685254877158169
Christmas,163,364320.875,233025.0,0.04421828694610515
Toys & Kids,82,196059.915,64630.0,0.022409626409895956
Accessories,325,98419.775,61161.0,0.024672202383128797
Textile,71,63063.388,21274.0,0.017071291130390104
