product_category,median_elasticity,avg_elasticity,nb_observations,total_revenue,total_quantity,elasticity_profile
Other,-1.0461334027712335,-1.2167826294420878,6318,1369765.47,694573.0,Élastique
Home Decor,-1.1309986159092218,-1.3492589951250074,4392,989110.4500000001,612285.0,Élastique
Bags & Packaging,-1.129807247351502,-1.1635210907645495,1497,574050.95,329408.0,Élastique
Kitchen & Tableware,-1.2869553731496342,-1.370256974044211,1692,425878.275,257136.5,Élastique
Stationery,-0.929663608562691,-1.0236975106488515,1893,312476.38,227432.0,Inélastique
Christmas,-1.7661538461538473,-1.8232244600455056,491,149693.37,114806.0,Élastique
Toys & Kids,-1.567216391804101,-1.4300992203780363,393,87590.565,35795.0,Élastique
Accessories,-0.0,-0.8912322823238248,544,51918.945,40067.0,Stable
Textile,-1.024496967363056,-1.1417793145505641,275,34264.305,11686.5,Élastique
