product_category,best_months,nb_strong_months,revenue_in_peak_months,avg_seasonality_index,max_seasonality_index,recommendation
Other,"2011-09, 2011-10, 2011-11",3,888195.2150000001,1.4815178605500183,1.8811361876931705,Planifier promotions ciblées sur les mois forts
Home Decor,"2011-09, 2011-10, 2011-11",3,598081.605,1.555485516575607,1.8274077021282038,Planifier promotions ciblées sur les mois forts
Christmas,"2010-12, 2011-09, 2011-10, 2011-11",4,303947.985,2.7031742043768814,4.347220125018574,Planifier promotions ciblées sur les mois forts
Bags & Packaging,"2011-09, 2011-10, 2011-11",3,270201.545,1.3905723152554226,1.5895823526669721,Planifier promotions ciblées sur les mois forts
Stationery,"2011-09, 2011-10, 2011-11",3,216741.275,1.5697235800903313,2.0082820980614247,Planifier promotions ciblées sur les mois forts
Kitchen & Tableware,"2011-09, 2011-11",2,173357.305,1.3543538232253165,1.5075843953499644,Planifier promotions ciblées sur les mois forts
Toys & Kids,"2011-09, 2011-10, 2011-11",3,69225.07,1.6085362789558804,1.9817432724536235,Planifier promotions ciblées sur les mois forts
Textile,"2010-12, 2011-09, 2011-10, 2011-11",4,29374.095999999998,1.5155832350947194,1.6353468375548632,Planifier promotions ciblées sur les mois forts
Accessories,"2011-10, 2011-11",2,23355.809999999998,1.5441787170459234,1.7340522281144042,Planifier promotions ciblées sur les mois forts
